<?xml version="1.0" encoding="utf-8"?>
<ArrayOfCurrentStatus xmlns:xsi="http://www.w3.org/2001/XMLSchema-instance" xmlns:xsd="http://www.w3.org/2001/XMLSchema">
  <CurrentStatus>
    <Check>true</Check>
    <wcr>OK</wcr>
    <Group>Web</Group>
    <FriendlyName>Google</FriendlyName>
    <URL>http://google.com</URL>
    <Match>google</Match>
    <StatusCodeMatch />
    <Enabled>true</Enabled>
    <LastCheck>2018-11-21T23:17:40.0896978-05:00</LastCheck>
    <Response />
    <StatusCode>200</StatusCode>
  </CurrentStatus>
</ArrayOfCurrentStatus>