<?xml version="1.0" standalone="yes"?>
<urllist>
  <monitor>
    <group>dummy</group>
    <name>dummy</name>
    <url>dummy</url>
    <txt>dummy</txt>
    <enabled>false</enabled>
    <email>false</email>
    <sms>false</sms>
    <interval>1</interval>
    <id>eb27473b-5232-449d-8c6f-64cb16e962d3</id>
  </monitor>
  <monitor>
    <group>Web</group>
    <name>Google</name>
    <url>http://google.com</url>
    <txt>google</txt>
    <enabled>True</enabled>
    <email>true</email>
    <sms>true</sms>
    <interval>30</interval>
    <id>fe5d12c8-a7a9-4cc8-9a43-e82405c93ac5</id>
  </monitor>
</urllist>