<?xml version="1.0" standalone="yes"?>
<urllist>
  <monitor>
    <group>dummy</group>
    <name>dummy</name>
    <url>dummy</url>
    <txt>dummy</txt>
    <enabled>false</enabled>
    <email>false</email>
    <sms>false</sms>
    <interval>1</interval>
    <id>c4c0a2d7-60e1-4b15-93de-8d494cee3418</id>
  </monitor>
  <monitor>
    <group>Web</group>
    <name>Google</name>
    <url>http://google.com</url>
    <txt>google</txt>
    <enabled>True</enabled>
    <email>true</email>
    <sms>true</sms>
    <interval>30</interval>
    <id>7d9de5de-fdcf-4e0c-9e03-409e51cf3234</id>
  </monitor>
</urllist>