<?xml version="1.0" encoding="utf-8"?>
<Preferences xmlns:xsi="http://www.w3.org/2001/XMLSchema-instance" xmlns:xsd="http://www.w3.org/2001/XMLSchema">
  <checkUpdates>true</checkUpdates>
  <checkInterval>30</checkInterval>
  <timeout>100000</timeout>
  <tcptimeout>2000</tcptimeout>
  <individualLog>true</individualLog>
  <logFolder>C:\Outils\SiteMonitorEnterprise395\Logs</logFolder>
  <exec />
  <failureAfter>0</failureAfter>
  <minReportSize>550</minReportSize>
  <emailAddrFrom />
  <emailAddrTo />
  <smtpServer />
  <emailuser />
  <emailpass />
  <emailporto>0</emailporto>
  <emailssl>false</emailssl>
  <sizex>0</sizex>
  <sizey>0</sizey>
  <topx>-1</topx>
  <topy>-1</topy>
  <col1size>0</col1size>
  <col2size>0</col2size>
  <col3size>0</col3size>
  <col4size>0</col4size>
  <sortGroups>false</sortGroups>
  <sortGroupsAsc>true</sortGroupsAsc>
  <truncate>5</truncate>
  <csvLogs>true</csvLogs>
  <beepFailure>false</beepFailure>
  <smsProvider>1</smsProvider>
  <smsUser />
  <smsPass />
  <smsAPIID />
  <smsTo />
  <sms>false</sms>
  <smsRes1 />
  <smsRes2 />
  <unlock>5044G64SG34D4G3G363S3G342338</unlock>
  <onReSuccessEmail>false</onReSuccessEmail>
  <onReSuccessSMS>false</onReSuccessSMS>
  <oneFailureEmail>false</oneFailureEmail>
  <oneFailureEmailReset>10</oneFailureEmailReset>
  <useProxy>false</useProxy>
  <useProxyForSMS>true</useProxyForSMS>
  <proxyUser />
  <proxyPass />
  <proxyAddress />
  <proxyBypass />
  <soundFail />
  <soundRecover />
  <soundFailRepeat>1</soundFailRepeat>
  <soundRecoverRepeat>1</soundRecoverRepeat>
  <customHttpHeaders />
  <uiCulture />
  <HttpsProtSsl3>true</HttpsProtSsl3>
  <HttpsProtTls>true</HttpsProtTls>
  <HttpsProtTls11>true</HttpsProtTls11>
  <HttpsProtTls12>true</HttpsProtTls12>
  <AllowUserRegistration>true</AllowUserRegistration>
  <UnAuthWebAccess>false</UnAuthWebAccess>
</Preferences>